Metric,Value,P-value,Low CI 95%,High CI 95%
MSE,0.003580403353905069,NA,NA,NA
R-squared,0.12314934869376037,NA,NA,NA
Coefficient (avg_stableBorrowRate_eth_rates),7.906658244757408,0.003571281050473711,2.6106068564837264,13.202709633031091
Coefficient (avg_supplyRate_eth_rates),-6.490137179847323,0.025825525196602684,-12.191531034502315,-0.788743325192331
Coefficient (weekly_change_usdc),3.873882134107824,3.6510805252361266e-05,2.0568371056183317,5.690927162597316
Coefficient (moving_average_7_price_eth),4.582272426603936e-05,0.03967471794979437,2.1796528754114284e-06,8.946579565666729e-05
Coefficient (deposits_volume_v3_eth_daily_deposits_borrows_ma_7),5.653801779771966e-10,0.0006904053918063127,2.410992537644942e-10,8.896611021898991e-10
Coefficient (deposits_volume_v3_eth_daily_deposits_borrows_ma_21),-7.133291430506373e-10,0.0007268330847678529,-1.124212156245283e-09,-3.024461298559916e-10
Coefficient (moving_average_21_price_usdc),2.138207271060299,0.745713211618724,-10.828471890114514,15.104886432235112
