Loop Number,Frequency,Leverage_Level
1,0.0,1.8333333333333335
2,0.0,2.5277777777777786
3,0.0,3.1064814814814827
4,0.03038674033149171,3.5887345679012363
